{"MSE": 2.4501686292810296, "_timestamp": 1685968362.718901, "_runtime": 9.643103837966919, "_step": 0, "_wandb": {"runtime": 9}}