{"MSE": 2.4507702588234483, "_timestamp": 1685968445.4555597, "_runtime": 9.815869808197021, "_step": 0, "_wandb": {"runtime": 9}}