{"MSE": 6.022036669994053, "_timestamp": 1685968241.1788642, "_runtime": 10.8857102394104, "_step": 0, "_wandb": {"runtime": 10}}