{"MSE": 2.4516190085786986, "_timestamp": 1685968381.266616, "_runtime": 6.4892191886901855, "_step": 0, "_wandb": {"runtime": 6}}