{"MSE": 2.45078841940807, "_timestamp": 1685968419.3492494, "_runtime": 23.925288438796997, "_step": 0, "_wandb": {"runtime": 23}}