{"MSE": 2.453363391937193, "_timestamp": 1685968476.7322712, "_runtime": 6.9384472370147705, "_step": 0, "_wandb": {"runtime": 6}}